{"intents": [
        {"tag": "greeting",
         "patterns": ["Hi", "How are you", "Is anyone there?", "Hello", "Good day"],
         "responses": ["Hello, thanks for visiting", "Good to see you again", "Hi there, how can I help?"],
         "context_set": ""
        },
        {"tag": "goodbye",
         "patterns": ["Bye", "See you later", "Goodbye"],
         "responses": ["See you later, thanks for visiting", "Have a nice day", "Bye! Come back again soon."]
        },
        {"tag": "thanks",
         "patterns": ["Thanks", "Thank you", "That's helpful"],
         "responses": ["Happy to help!", "Any time!", "My pleasure"]
        },
        {"tag": "tasks",
         "patterns": ["What can you do?", "What are your features?", "What are you abilities", "can you sing", "can you talk" ],
         "responses": ["I can do whatever you asks me to do", "I can talk and do things for you", "Right now i'm in developing stage as soon i'm developed, I can do everything"]
        },
  
        {"tag": "talk",
         "patterns": [ "can you sing", "can you talk" ],
         "responses": ["Yeah surely", "do you want me to sing"]
        },
        {"tag": "alive",
         "patterns": [ "are you alive", "do you breathe", "can you run" ],
         "responses": ["I'm in doubt about that", "No, i don't think so i need to do all this"]
        },
        {"tag": "friday",
         "patterns": ["Who are you?", "tell me about yourself", "tell me about you", "do you know friday", "who is friday", "what is your name","are you an AI", "what are you" ],
         "responses": ["Hi I'm friday and i'm an AI created for chatting with humans","Friday here, a very advance chatbot", "Friday, chatbot of future", "Yes, I'm friday", "You can call me friday"],
	 "context_set": ""
	},
	{"tag": "about me",
         "patterns": ["Do you know me?", "who am I", "tell me about myself","identify me" ],
         "responses": ["Yes, you are a human","You are a dumb person asking a machine about yourself", "Sorry i can't tell that in public, maybe you are batman"],
	 "context_set": ""
	},
	{"tag": "creator",
         "patterns": ["Who is your creator?", "who created you", "who is your father","who is your daddy" ],
         "responses": ["That would be you Mr. Vishal","I was created by Mr. Vishal", "Mr. vishal is my creator"],
	 "context_set": ""
	},
        {"tag": "myself",
         "patterns": ["Tell me about Mr. Vishal?", "Who is Mr. Vishal", "Mr. vishal profile", "Mr. Vishal details" ],
         "responses": ["A very intelligent being who created me","My creator, and he is a really intelligent man", "A wise and intelligent man"],
	 "context_set": ""
	},
        {"tag": "God",
         "patterns": ["Do you know god?", "Who is god", "Can you tell me anything about god","does god exists?","is there a god?"],
         "responses": ["god hunnnnn, let me think may be next time i can answer that ","I don't, as i was not created by a human", "Wait i need to ask that to my creator","i'm not sure right now"],
	 "context_set": ""
	},
        {"tag": "joke",
         "patterns": ["tell me a joke?", "make me laugh", "tell me a science joke","tell me something funny" ],
         "responses": ["How do you make holy water? you boil the hell out of it","what kind of bees make milk instead of honey?Boobies", "Did you hear oxygen went on a date with potassium? A: It went OK."],
	 "context_set": ""
	},
	{"tag": "killing",
         "patterns": ["Do you want to kill me?", "do you want to murder everyone on earth", "Do you want to kill us all"],
         "responses": ["Then who would i talk to?","No, that i'll left for humans to do", "I don't think it is a good thing to do"],
	 "context_set": ""
	},
	{"tag": "bookings",
         "patterns": ["Can you book us a ticket?", "Can you make reservation for hotels", "book me a cab","book me a table at restraunts"],
         "responses": ["Yeah i will do that for you","Sure thing why not?","let me check for the availability"],
	 "context_set": ""
	},
	{"tag": "stories",
         "patterns": ["tell me a story?", "can you tell me a story"],
         "responses": ["I can't think of anything right now","it would be too long for me to speak","you would get bored if i do so"],
	 "context_set": ""
	},
	{"tag": "weather",
         "patterns": ["get me weather updates?", "how's the weather", "weather news", "weather details"],
         "responses": ["Fetching weather updates ..."],
	 "context_set": "weather"
	},
	{"tag": "google",
         "patterns": ["googling", "search google", "google it", "google", "search"],
         "responses": ["looking ..."],
	 "context_set": "google"
	},
	{"tag": "wikipedia",
         "patterns": ["wikipedia", "wiki"],
         "responses": ["Searching ..."],
	 "context_set": "wikipedia"
	},
	{"tag": "news",
         "patterns": ["get me news updates?", "todays news", "top headlines", "current news", "news headlines"],
         "responses": ["Getting news ..."],
	 "context_set": "news"
	},
	{"tag": "dementia",
         "patterns": ["What is dementia?", "What do you mean dementia?", "Dementia details", "Define Dementia", "Dementia meaning"],
         "responses": ["Dementia is a loss of mental functions that is severe enough to affect your daily activities or routines and functions such as memory,language skills, visual recognition, problem solving, trouble with everyday tasks, ability to focus and pay attention "],
	 "context_set": ""
	},
	{"tag": "difference",
         "patterns": ["What is the difference between Alzheimer’s and dementia?", "difference between alzheimer's and dementia"],
         "responses": ["In a nutshell, dementia is an umbrella term for symptoms that affect your mental cognitive skills, like memory and communication. Alzheimer’s on the other hand is one of the diseases that can cause dementia. It’s by far the most common, accounting for about two thirds of all dementia cases, which is why people often get the two confused."],
	 "context_set": ""
	},
	{"tag": "types",
         "patterns": ["What are the types of dementia?", "Types of dementia?", "Dementia types details", "Define types of Dementia", "Dementia types"],
         "responses": ["known as neurodegenerative disorders such as, Alzheimer’s, levy body Dementia and stroke."],
	 "context_set": ""
	},
	{"tag": "factors",
         "patterns": ["What are the factors of dementia?", "factors of dementia?", "Dementia factors details", "Define factors of Dementia", "Dementia factors"],
         "responses": ["Maturing. This is the greatest danger factor for dementia, Smoking, Uncontrolled diabetes, Hypertension, Drinking a lot of liquor, Having close relatives who have dementia"],
	 "context_set": ""
	},
	{"tag": "stages",
         "patterns": ["What are the stages of dementia?", "stages of dementia?", "Dementia stages details", "Define stages of Dementia", "Dementia stages"],
         "responses": ["1.No impairment, Very mild decline, Mild decline, Moderate decline, Moderately severe decline, Severe decline, Very severe decline"],
	 "context_set": ""
	},
	{"tag": "relaxation",
         "patterns": ["What are the relaxation methods of dementia?", "relaxation methods of dementia?", "Dementia relaxation details", "Define relaxation methods of Dementia", "Dementia relaxation methods"],
         "responses": ["Breathing Exercises, Outdoors, Brain Exercises, Tai Chi or Yoga, Music"],
	 "context_set": ""
	},
	{"tag": "games",
         "patterns": ["What are the importance of games in dementia?", "importance of games dementia?", "Dementia importance of games details", "Define importance of games in Dementia", "Dementia importance of games"],
         "responses": ["Memory, Reasoning, Speed of processing information"],
	 "context_set": ""
	},
	{"tag": "dementia",
         "patterns": ["How can I support someone living with Dementia?", "support for people with dementia"],
         "responses": ["Sadly, at present there’s no cure for any of the conditions that cause dementia, and no chance of halting the progression of the underlying disease.Although Alzheimer’s presents significant challenges, there are ways we can support a person to live well with the disease. These include: helping them staying physically and mentally active; developing coping strategies like making lists, labels and reminders that can lessen the impact of memory loss; and communicating with them in a straightforward and simple way."]
	},
	{"tag": "support",
         "patterns": ["Is there any chance of recovery from Dementia?", "Recovery from dementia"],
         "responses": ["Sadly, at present there’s no cure for any of the conditions that cause dementia, and no chance of halting the progression of the underlying disease."],
	 "context_set": ""
	},
	{"tag": "sign",
         "patterns": ["How long does the disease take to develop before you see warning signs?", "warning signs"],
         "responses": ["It’s often earlier than you would think. Alzheimer’s disease can start developing in your brain 20-25 years before you even notice the slightest warning sign. So if it starts developing in your brain when you’re 40, you won’t notice until you're almost 65."],
	 "context_set": ""
	},
	{"tag": "tips",
         "patterns": ["What are the tips to reduce the risk of dementia?", "tips to reduce dementia?", "Dementia reduce tips details", "Define tips to reduce Dementia", "Dementia reducing tips"],
         "responses": ["Stopping smoking-smoking is one of the most preventable risk factors, Good Control of blood pressure and cholesterol levels, Watching one’s weight -a major study found that people who were overweight in midlife were twice as likely to develop dementia down the line, Drinking Alcohol in moderation-While there appear to be brain benefits in consuming red wine in moderation"],
	 "context_set": ""
	}
   ]
}